,Accuracy,Precision,Recall,F1-Score
Logistic Regression,0.9402985074626866,0.9411501605274123,0.9402985074626866,0.9397736463879434
Decision Tree,0.9104477611940298,0.9104477611940298,0.9104477611940298,0.9104477611940298
Random Forest,0.9104477611940298,0.9104477611940298,0.9104477611940298,0.9104477611940298
